<?xml version="1.0" encoding="utf-8" ?>
<dwsync>
<file name="cssMain.css" server="C:/xampp/htdocs/notepadFiles/" local="133014882722940746" remote="133014882720000000" Dst="2" />
<file name="jquery-ui.css" server="C:/xampp/htdocs/notepadFiles/" local="132518245368258320" remote="132518209360000000" Dst="2" />
<file name="jquery.ui.datepicker.min.css" server="C:/xampp/htdocs/notepadFiles/" local="132518240646813417" remote="132518204640000000" Dst="2" />
<file name="jquery-ui.min.css" server="C:/xampp/htdocs/notepadFiles/" local="131363249644483756" remote="131363249640000000" Dst="2" />
<file name="jquery-ui.theme.min.css" server="C:/xampp/htdocs/notepadFiles/" local="131363249644664228" remote="131363249640000000" Dst="2" />
<file name="jquery.ui.core.min.css" server="C:/xampp/htdocs/notepadFiles/" local="131509978620000000" remote="131509978620000000" Dst="2" />
<file name="validate.css" server="C:/xampp/htdocs/notepadFiles/" local="131363249662898076" remote="131363249660000000" Dst="2" />
<file name="jquery-ui.css" server="C:/xampp/htdocs/summerSchool_exercise/" local="132518245380000000" remote="132518209380000000" Dst="2" />
<file name="jquery.ui.datepicker.min.css" server="C:/xampp/htdocs/summerSchool_exercise/" local="132518240660000000" remote="132518204660000000" Dst="2" />
<file name="cssMain.css" server="C:/xampp/htdocs/summerSchool_exercise/" local="133016806720000000" remote="133016806720000000" Dst="2" />
<file name="jquery-ui.min.css" server="C:/xampp/htdocs/summerSchool_exercise/" local="131363249660000000" remote="131363249660000000" Dst="2" />
<file name="jquery-ui.theme.min.css" server="C:/xampp/htdocs/summerSchool_exercise/" local="131363249660000000" remote="131363249660000000" Dst="2" />
<file name="jquery.ui.core.min.css" server="C:/xampp/htdocs/summerSchool_exercise/" local="131509978620000000" remote="131509978620000000" Dst="2" />
<file name="validate.css" server="C:/xampp/htdocs/summerSchool_exercise/" local="131363249680000000" remote="131363249680000000" Dst="2" />
</dwsync>